303030,303030,17 - BETA ESTRADIOL (E2) ,"9,790"
303029,303029,17 - HIDROXIPROGESTERONA ,"12,940"
302078,302078,25 - HIDROXI VITAMINA D ,"40,650"
0305082C,305082,AC. ANTI-ANCA C y P ,"31,770"
0305004G,305004,AC. ANTI-ANTIG.NUCLEAR EXTRACTABLE (A-ENA) ,"18,200"
0305005G,305005,AC. ANTI-ASCA IgA ,"14,200"
0305005F,305005,AC. ANTI-ASCA IgG ,"14,200"
0305005I,305005,AC. ANTI-B2 GLICOPROTEINA 1 IgG ,"14,200"
0305005J,305005,AC. ANTI-B2 GLICOPROTEINA 1 IgM ,"14,200"
0305084B,305084,AC. ANTI-CARDIO LIPINAS IGG ,"22,730"
0305084A,305084,AC. ANTI-CARDIO LIPINAS IGM ,"22,730"
0305005K,305005,AC. ANTI-CELULAS PARIETALES ,"14,200"
0305005A,305005,AC. ANTI-CENTROMERO ,"13,250"
0305005B,305005,AC. ANTI-DNA ,"13,250"
305081,305081,AC. ANTI-ENDOMISIO (EMA) ,"20,310"
305524,NO APLICA,AC. ANTI-GLIADINA IGA ,"17,330"
305525,NO APLICA,AC. ANTI-GLIADINA IGG ,"17,330"
0305004A,305004,AC. ANTI-JO-1 ,"18,200"
305085,305085,AC. ANTI-LKM-1 ,"40,370"
0305005H,305005,AC. ANTI-MEMBRANA GLOMERULAR BASAL ,"14,200"
0305007A,305007,AC. ANTI-MICROSOMALES (TPO) ,"10,680"
0305005C,305005,AC. ANTI-MITOCONDRIALES (AMA) ,"13,250"
0305082A,305082,AC. ANTI-MPO (ANCA-P) ,"31,770"
0305005E,305005,AC. ANTI-MUSCULO LISO (ASMA) ,"13,250"
0305005D,305005,AC. ANTI-NUCLEARES (ANA) ,"13,250"
0305086C,305086,AC. ANTI-PEPTIDOS DEAMINADOS GLIADINA IgA ,"18,960"
0305086D,305086,AC. ANTI-PEPTIDOS DEAMINADOS GLIADINA IgG ,"18,960"
0305082B,305082,AC. ANTI-PR3 (ANCA-C) ,"31,770"
0305004B,305004,AC. ANTI-SCL-70 ,"18,200"
0305004C,305004,AC. ANTI-SM ,"18,200"
0305004D,305004,AC. ANTI-SS-A / RO ,"18,200"
0305004E,305004,AC. ANTI-SS-B / LA ,"18,200"
0305007B,305007,AC. ANTI-TIROGLOBULINAS ,"10,680"
305181,305181,AC. ANTI-TRANSGLUTAMINASA IgA ,"21,340"
0305004F,305004,AC. ANTI-U1-RNP ,"18,200"
306056,306056,ACARO TEST ,"7,360"
309005,309005,ACIDO 5 HIDROXIINDOLACETICO CUANTITATIVO (ORINA) ,"14,080"
0301002B,301002,ACIDO FOLICO (FOLATOS) ,"8,890"
0301002A,301002,ACIDO FOLICO ERITROCITARIO ,"8,890"
309004,309004,ACIDO URICO (ORINA) ,"3,910"
302005,302005,ACIDO URICO (URICEMIA) ,"2,860"
0302035A,302035,ACIDO VALPROICO NIVEL PLASMATICO ,"10,540"
302050,302050,ADENOSINDEAMINASA (ADA) ,"30,620"
0306070A,306070,ADENOVIRUS ANTIGENO (IF) ,"9,940"
0306070D,306070,ADENOVIRUS EN DEPOSICION ,"9,550"
0302060A,302060,ALBUMINAS ,"2,720"
303002,303002,ALDOSTERONA ,"12,940"
303505,NO APLICA,ALDOSTERONA (ORINA) ,"10,840"
305003,305003,ALFA FETOPROTEINAS (AFP) ,"9,790"
305001,305001,ALFA-1-ANTITRIPSINA CUANTITATIVA ,"9,790"
302008,302008,AMILASA ,"4,380"
309006,309006,AMILASA (ORINA) ,"4,810"
302532,NO APLICA,AMINOACIDOS CUANTITATIVO ,"48,940"
302531,NO APLICA,AMINOACIDOS ORINA (CUANTITATIVO) ,"48,940"
0302035B,302035,AMINOFILINA ,"10,540"
303003,303003,ANDROSTENEDIONA SANGRE ,"9,790"
301501,NO APLICA,ANFETAMINAS (ORINA) ,"13,560"
306026,306026,ANTIBIOGRAMA CORRIENTE (MINIMO 10 FARM ,"4,510"
305008,305008,ANTIESTREPTOLISINA O (ASO) (ASLO) (AELO) ,"8,580"
0305170A,305170,ANTIGENO CA 125 ,"17,470"
0305170B,305170,ANTIGENO CA 15-3 ,"17,470"
0305170C,305170,ANTIGENO CA 19-9 ,"17,470"
305009,305009,ANTIGENO CARCINOEMBRIONARIO (CEA) ,"12,940"
305070,305070,ANTIGENO PROSTATICO ESPECIFICO (PSA) (APE) ,"17,470"
0302070A,302070,APOLIPOPROTEINAS A1 (APO A) ,"12,050"
0302070B,302070,APOLIPOPROTEINAS B (APO B) ,"12,050"
306043,306043,ARTROPODOS MACROSCOPICOS (IMAGOS Y/O PUP ,"5,410"
308001,308001,AZUCARES REDUCTORES (BENEDICT FEHLING) ,"2,100"
306002,306002,BACILOSCOPIA C/U ,"3,150"
306001,306001,BACILOSCOPIA POR CONCENTRACION C/U ,"4,670"
301585,NO APLICA,BARTONELLA HENSELAE IgG ,"29,820"
301588,NO APLICA,BARTONELLA HENSELAE IgM ,"30,630"
301502,NO APLICA,BENZODIAZEPINAS (ORINA) ,"13,560"
305010,305010,BETA-2-MICROGLOBULINA ,"12,940"
0305010A,305010,BETA-2-MICROGLOBULINA (ORINA) ,"12,940"
302011,302011,BICARBONATO ENZIMATICO ,"1,190"
0302012A,302012,BILIRRUBINA TOTAL NEONATAL ,"2,430"
302012,302012,BILIRRUBINA TOTAL PROC. AUT. ,"2,430"
302013,302013,BILIRRUBINA TOTAL Y CONJUGADA ,"2,720"
306528,NO APLICA,BORDETELLA PERTUSSIS POR PCR ,"25,160"
306595,NO APLICA,BORDETELLA PERTUSSIS TOXINA IgG ,"12,200"
0306033A,306033,BRUCELLA IgG ,"12,710"
0306033B,306033,BRUCELLA IgM ,"12,710"
302015,302015,CALCIO (CALCEMIA) ,"2,430"
309008,309008,CALCIO (ORINA) (CUANTITATIVO) ,"3,610"
302081,302081,CALCIO IONICO ,"4,810"
309009,309009,CALCULO URINARIO (EXAMEN FISICO Y QUIMIC ) ,"7,680"
302530,NO APLICA,CALPROTECTINA ,"43,900"
306581,NO APLICA,CAMPYLOBACTER TEST RAPIDO ,"24,390"
301563,NO APLICA,CAMPYLOBACTER TINCION ,"3,390"
301507,NO APLICA,CANABINOIDES DETERMINACION DE (THC) ,"13,560"
0302035C,302035,CARBAMAZEPINA (TEGRETAL) ,"10,540"
302017,302017,CAROTENO ,"3,910"
302018,302018,CAROTENO PRUEBA DE SOBRECARGA ,"8,710"
301593,NO APLICA,CELULAS LUPUS C/U ,"5,040"
302019,302019,CERULOPLASMINA ,"6,010"
306542,NO APLICA,CHAGAS CONTROL TRATAMIENTO ,"53,490"
0306061B,306061,CHAGAS IgG ,"9,940"
0306097A,306097,CHLAMYDIA TRACHOMATIS PCR ,"44,010"
0306061A,306061,CISTICERCOSIS IgG ,"9,940"
801002,801002,CITOLOGIA ASPIRATIVA (POR PUNCION) C/U ,"23,480"
308009,308009,CITOLOGICO CELULAS NEOPLASICAS ,"9,960"
308010,308010,CITOLOGICO LIQUIDOS C/S TINCION (INCL. EXA. FRES) ,"5,410"
0306069A,306069,CITOMEGALOVIRUS IGG. (CMV) ,"13,560"
0306069B,306069,CITOMEGALOVIRUS IGM. (CMV) ,"13,560"
301509,NO APLICA,CITRATO (ORINA) ,"20,310"
302026,302026,CK- TOTAL (CREATINQUINASA) (CPK) ,"6,610"
302025,302025,CK-MB (CREATINQUINASA-MB) ,"8,710"
0306034D,306034,CLAMIDIA PNEUMONIAE IgG ,"10,630"
0306034E,306034,CLAMIDIA PNEUMONIAE IgM ,"10,630"
0306034B,306034,CLAMIDIA TRACHOMATIS IgG ,"10,630"
0306034C,306034,CLAMIDIA TRACHOMATIS IgM ,"10,630"
0306034A,306034,"CLAMIDIAS INMUNOFLUORESCENCIA, (IFD) ","9,940"
301510,NO APLICA,CLONAZEPAN ( RAVOTRIL) ,"20,310"
306577,NO APLICA,CLOSTRIDIUM DIFFICILE POR PCR ,"25,160"
302020,302020,COBRE (Cu) (CUPREMIA) ,"12,200"
309036,309036,COBRE (ORINA) (CUPRURIA) ,"33,220"
301512,NO APLICA,COCAINA ,"13,560"
302068,302068,COLESTEROL HDL (PROC. AUT.) (COL-HDL) ,"3,760"
302067,302067,COLESTEROL TOTAL PROC. AUT (COL) ,"2,550"
302021,302021,COLINESTERASA (ACETILCOLINESTERASA) ,"5,410"
308041,308041,COLPOCITOGRAMA ,"4,220"
0305012A,305012,COMPLEMENTO C3 ,"8,580"
0305012B,305012,COMPLEMENTO C4 ,"8,580"
0305012C,305012,COMPLEMENTO C1Q ,"8,580"
301014,301014,"COOMBS DIRECTO, PRUEBA DE ANTIGLOBULINA DIRECTA ","2,100"
301015,301015,"COOMBS INDIRECTO ,TEST DE ","3,910"
306007,306007,"COPROCULTIVO, C/U ","7,820"
306045,306045,COPROPARASITARIO CRYPTOSPORIDIUM ,"16,250"
306047,306047,COPROPARASITARIO CYSTOISOSPORA ,"8,710"
306046,306046,COPROPARASITARIO FASCIOLA ,"32,820"
306059,306059,COPROPARASITOLOGICO PAFS ,"7,540"
306048,306048,COPROPARASITOLOGICO TELEMAN ,"5,870"
0303006A,303006,CORTISOL ,"9,790"
0303006B,303006,CORTISOL AM ,"9,790"
303035,303035,CORTISOL LIBRE URINARIO ,"10,680"
0303006C,303006,CORTISOL PM ,"9,790"
0302023A,302023,CREATININA ,"2,430"
309010,309010,CREATININA (ORINA) (CUANTITATIVA) ,"2,720"
302024,302024,CREATININA CLEARENCE DE ,"5,410"
0302023C,302023,CREATININEMIA POST ,"2,430"
0302023B,302023,CREATININEMIA PRE ,"2,430"
309011,309011,CUERPOS CETONICOS URINARIOS (CETONURIA) ,"2,720"
0306008D,306008,CULTIVO AGUA DIALISIS ,"6,500"
306008,306008,"CULTIVO CORRIENTE (EXCEPTO COPROCULT,HEM ","5,410"
0306008F,306008,CULTIVO CORRIENTE EXPECTORACION ,"6,730"
0306008E,306008,CULTIVO CORRIENTE VAGINAL/ENDOCERVICAL ,"6,730"
0306008A,306008,CULTIVO CUANTITATIVO ,"20,170"
0306008PN,306008,CULTIVO PORTACION NASAL ,"5,230"
306099,306099,CULTIVO STREPTOCOCCUS GRUPO B VAGINO-RECTAL ,"14,880"
303008,303008,DEHIDROEPIANDROSTERONA SULFATO ,"12,940"
301513,NO APLICA,"DEMODEX , BUSQUEDA DE ","6,770"
302030,302030,DESHIDROGENASA LACTICA TOTAL. ( LDH ) ,"4,060"
306049,306049,DIAG. DE PARASITOS DIRECTO EN DEP. ,"5,410"
0302035D,302035,DIGOXINA ,"10,540"
301514,NO APLICA,DIHIDROTESTOSTERONA ,"13,560"
301095,301095,DIMERO D ,"40,650"
0306004C,306004,DIRECTO AL FRESCO ,"2,720"
308011,308011,DIRECTO AL FRESCO C/S TINCION (INC.TRICHO ,"2,720"
0306004A,306004,DIRECTO DE HONGOS ,"2,720"
0306004B,306004,DIRECTO DE HONGOS (DERMATOFITOS) ,"2,720"
0302047G,302047,DOMI - GLUCOSA POST CARGA ,"2,260"
0302047J,302047,DOMI - GLUCOSA POST COMIDAS ,"2,260"
0302047I,302047,DOMI - GLUCOSA POST PRANDIAL ,"2,260"
0302048Z,302048,"DOMI - GLUCOSA, CURVA DE TOLERANCIA, 2 MUESTRAS ","11,140"
0302048Y,302048,"DOMI - GLUCOSA, CURVA DE TOLERANCIA, 3 MUESTRAS ","14,200"
0302048X,302048,"DOMI - GLUCOSA, CURVA DE TOLERANCIA, 4 MUESTRAS ","19,490"
0302048W,302048,"DOMI - GLUCOSA, CURVA DE TOLERANCIA, 5 MUESTRAS ","21,760"
0302075A,302075,DOMI - PERFIL BIOQUIMICO 12 PARAMETROS ,"15,950"
0301581A,NO APLICA,DOMI - TEST DE HOMA ,"6,100"
0302047F,302047,DOMI- GLUCOSA ,"2,260"
0308012A,308012,ELECTROLITO CLORO (LIQUIDOS ) ,"2,720"
0302032A,302032,ELECTROLITO CLORO (PLASMATICO) ,"2,260"
0309012A,309012,ELECTROLITO CLORO (ORINA) ,"2,720"
0308012B,308012,ELECTROLITO POTASIO (LIQUIDOS ) ,"2,720"
0302032B,302032,ELECTROLITO POTASIO (PLASMATICO) ,"2,260"
0309012B,309012,ELECTROLITO POTASIO (ORINA) ,"2,720"
0308012C,308012,ELECTROLITO SODIO (LIQUIDOS ) ,"2,720"
0302032C,302032,ELECTROLITO SODIO (PLASMATICO) ,"2,260"
0309012C,309012,ELECTROLITO SODIO (ORINA) ,"2,720"
309014,309014,"EMBARAZO, DETECCION TEST PACK ","4,670"
302033,302033,ENZIMA CONVERTIDORA DE ANGIOTENSINA ,"10,980"
308013,308013,EOSINOFILOS EN SECRECIONES ,"1,510"
0306069C,306069,EPSTEIN BARR IGG ( VCA ) ,"13,560"
0306069D,306069,EPSTEIN BARR IGM ( VCA ) ,"13,560"
801004,801004,EST.HISTOPATOLOGICO C / TEC. INMUNOQUIM O INMUNOFLUOR. ,"63,960"
801007,801007,EST.HISTOPATOLOGICO CORRIENTE SERIADO ,"63,960"
801006,801006,EST.HISTOPATOLOGICO DE BIOPSIA RAPIDA ,"51,000"
303502,NO APLICA,ESTROGENOS TOTALES ,"15,590"
301519,NO APLICA,ESTUDIO DROGAS PANEL ( MINIMO 5 DETER ) ,"81,320"
0801007A,801007,ESTUDIO DE BIOPSIA DIFERIDA ,"63,960"
308023,308023,ESTUDIO DE CRISTALES ,"2,720"
0801005A,801005,ESTUDIO HISTOPATOLOG.C/TECNICA HISTOQ. ,"48,010"
0801005D,801005,ESTUDIO HISTOPATOLOG.C/TECNICA HISTOQ. DENTAL ,"43,870"
0801008A,801008,ESTUDIO HISTOPATOLOGICO CTE ( CADA ORGANO) ,"32,210"
0801008D,801008,ESTUDIO HISTOPATOLOGICO CTE ( CADA ORGANO) DENTAL ,"29,440"
0305020A,305020,F. REUMATOIDEO CUANTITATIVO (FR) ,"8,710"
0305020B,305020,F. REUMATOIDEO LIQUIDOS ,"8,710"
301024,301024,FACTOR V (FACTOR LABIL) ,"3,910"
0302035E,302035,FENITOINA ,"10,540"
0302035F,302035,FENOBARBITAL ,"10,540"
301026,301026,FERRITINA ,"10,080"
301021,301021,FIBRINOGENO ,"3,910"
301028,301028,FIERRO SERICO (HIERRO) (Fe) ,"3,910"
301029,301029,"FIERRO, CAPACIDAD DE FIJACION ","8,050"
301030,301030,"FIERRO,CINETICA DEL ","10,080"
302040,302040,FOSFATASAS ALCALINAS (ALP) ,"2,430"
302042,302042,FOSFORO ( FOSFATOS ) (P) (FOSFEMIA) ,"3,150"
309015,309015,FOSFORO (ORINA) ,"3,610"
306041,306041,FTA-ABS ,"18,980"
302045,302045,GAMMA GLUTAMILTRANSPEPTIDASA (GGT) ,"4,220"
0302046B,302046,GASES EN SANGRE POST EJERCICIO ,"7,200"
0302046C,302046,GASES SANGRE ,"7,200"
302538,NO APLICA,GLOBULINA ,"4,220"
0302047A,302047,GLUCOSA ,"2,260"
308015,308015,GLUCOSA (LIQUIDOS) ,"1,190"
309016,309016,GLUCOSA (ORINA) ,"2,430"
301017,301017,GLUCOSA 6 FOSFATO DESHIDROGENASA ,"7,310"
0302047B,302047,GLUCOSA POST CARGA ,"2,260"
0302047C,302047,GLUCOSA POST COMIDAS ,"2,260"
0302047D,302047,GLUCOSA POST PRANDIAL ,"2,260"
302048,302048,"GLUCOSA, CURVA DE TOLERANCIA, 2 MUESTRAS ","11,140"
0302048A,302048,"GLUCOSA, CURVA DE TOLERANCIA, 3 MUESTRAS ","14,200"
0302048B,302048,"GLUCOSA, CURVA DE TOLERANCIA, 4 MUESTRAS ","19,490"
0302048C,302048,"GLUCOSA, CURVA DE TOLERANCIA, 5 MUESTRAS ","21,760"
0302048D,302048,"GLUCOSA, CURVA DE TOLERANCIA, 6 MUESTRAS ","29,240"
0302048E,302048,"GLUCOSA, CURVA DE TOLERANCIA, 9 MUESTRAS ","41,240"
0302048G,302048,"GLUCOSA, CURVA ESPECIAL ","12,250"
303039,303039,GONADOTROFINA CORION FRAC. BETA ( CUANTITATIVA) ,"9,790"
303014,303014,GONADOTROFINA CORION.FRAC.BETA (SANGRE) ,"9,790"
306016,306016,GONOCOCO CULTIVO ,"5,410"
0306016A,306016,GONOCOCO CULTIVO FLUJO/ENDOCERVICAL ,"5,830"
306051,306051,"GRAHAM, EXAMEN DE (INCLUYE DIAGNOSTICO D ","3,910"
301034,301034,GRUPOS SANGUINEOS ABO Y RH ,"3,910"
306052,306052,"GUSANOS MACROSCOPICOS, DIAGNOSTICO DE ","3,150"
308503,NO APLICA,HELICOBACTER PILORY TEST RAPIDO ,"33,870"
301036,301036,HEMATOCRITO (HTO) ,"1,190"
306091,306091,"HEMOCULTIVO AEROBIO, C/U. ","25,870"
301038,301038,HEMOGLOBINA EN SANGRE TOTAL (Hb) ,"1,190"
301041,301041,HEMOGLOBINA GLICADA ( Hb A1c) ,"8,430"
0302047E,302047,HEMOGLUCOTEST ,"2,260"
301045,301045,HEMOGRAMA VHS ,"5,410"
306053,306053,"HEMOPARASITOS, DIAG. MICRO. (GOTA GRUESA) ","16,250"
308004,308004,HEMORRAGIA OCULTA (GUAYACO - WEBER) ,"2,480"
306074,306074,HEPATITIS A ANTICUERPOS IGM ,"12,200"
306171,306074,HEPATITIS A ANTICUERPOS TOTALES ,"12,730"
306080,306080,HEPATITIS B ANTICORE IgM ,"12,050"
306076,306076,HEPATITIS B ANTICORE TOTAL ,"16,480"
306079,306079,HEPATITIS B ANTIGENO SUPERFICIE ,"9,940"
306177,NO APLICA,HEPATITIS B ANTICUERPOS ANTI AG SUPERFICIE ,"8,130"
306078,306078,HEPATITIS B ANTIGENO E ,"10,880"
306081,306081,HEPATITIS C ANTICUERPOS TOTALES ,"12,050"
0306082B,306082,HERPES I POR PCR ,"25,000"
0306082C,306082,HERPES II POR PCR ,"25,000"
0306069F,306069,HERPES SIMPLES I IGG ,"13,560"
0306069G,306069,HERPES SIMPLES I IGM ,"13,560"
0306069H,306069,HERPES SIMPLES II IGG ,"13,560"
0306069I,306069,HERPES SIMPLES II IGM ,"13,560"
0303007C,303007,HGH POST CARGA 1 ,"12,940"
0303007D,303007,HGH POST CARGA 2 ,"12,940"
0303007E,303007,HGH POST EJERCICIO ,"12,940"
0303007B,303007,HGH POST PRANDIAL ,"12,940"
0306061D,306061,HIDATIDOSIS IgG ,"9,940"
306169,306169,HIV ANTICUERPOS VIRALES DET. ,"10,390"
306519,NO APLICA,HIV CARGA VIRAL ,"105,220"
302513,NO APLICA,HOMOCISTEINA ,"47,430"
306117,306117,HONGOS CULTIVO DERMATOFITOS ,"5,580"
0306017B,306017,HONGOS CULTIVO SECRECIONES ,"4,980"
303506,NO APLICA,HORMONA ANTI MULLERIANA ,"46,360"
303007,303007,HORMONA DE CRECIMIENTO (HGH) (Somatotrofina) ,"12,940"
303015,303015,HORMONA FOLICULO ESTIMULANTE (FSH ) ,"9,790"
303016,303016,HORMONA LUTEINIZANTE ( LH ) ,"9,790"
306506,NO APLICA,HPV POR PCR ,"54,190"
301534,NO APLICA,HTLV-1/2 ,"56,910"
0305029BB,305029,"IGE ESPECIFICA, ABEJA (VENENO) ","10,360"
0305029BD,305029,"IGE ESPECIFICA, ACACIA / AROMO ","10,360"
0305029BE,305029,"IGE ESPECIFICA, ACEDERA (RUMEX A) ","10,360"
0305029BL,305029,"IGE ESPECIFICA, ALAMO ","10,360"
0305029AA,305029,"IGE ESPECIFICA, ALFA LACTOALBUMINA ","10,360"
0305029BS,305029,"IGE ESPECIFICA, ALMEJA ","10,360"
0305029BT,305029,"IGE ESPECIFICA, ALMENDRA ","10,360"
0305029AB,305029,"IGE ESPECIFICA, ALTERNARIA ALTERNATA ","10,360"
0305029CA,305029,"IGE ESPECIFICA, AMOXICILINA ","10,360"
0305029CG,305029,"IGE ESPECIFICA, ARCE ","10,360"
0305029CI,305029,"IGE ESPECIFICA, ARROZ ","10,360"
0305029AC,305029,"IGE ESPECIFICA, ASPERGILLUS FLAVUS ","10,360"
0305029AD,305029,"IGE ESPECIFICA, ASPERGILLUS FUMIGATUS ","10,360"
0305029AE,305029,"IGE ESPECIFICA, ASPERGILLUS NIDULANS ","10,360"
0305029AF,305029,"IGE ESPECIFICA, ASPERGILLUS NIGER ","10,360"
0305029AG,305029,"IGE ESPECIFICA, ASPERGILLUS TERREUS ","10,360"
0305029CP,305029,"IGE ESPECIFICA, ATÚN ","10,360"
0305029CX,305029,"IGE ESPECIFICA, BALLICA (RYE GRASS-LOLIUM PERENNE) ","10,360"
0305029DA,305029,"IGE ESPECIFICA, BERMUDA /CHEPICA (CINODON) ","10,360"
0305029DF,305029,"IGE ESPECIFICA, CACAO ","10,360"
0305029DH,305029,"IGE ESPECIFICA, CAMARÓN ","10,360"
0305029DL,305029,"IGE ESPECIFICA, CARNE DE CERDO ","10,360"
0305029DN,305029,"IGE ESPECIFICA, CARNE DE PAVO ","10,360"
0305029DO,305029,"IGE ESPECIFICA, CARNE DE POLLO ","10,360"
0305029DP,305029,"IGE ESPECIFICA, CARNE DE VACUNO ","10,360"
0305029AI,305029,"IGE ESPECIFICA, CASEINA ","10,360"
0305029DR,305029,"IGE ESPECIFICA, CASPA DE CABALLO ","10,360"
0305029AJ,305029,"IGE ESPECIFICA, CASPA DE GATO ","10,360"
0305029AK,305029,"IGE ESPECIFICA, CASPA DE PERRO ","10,360"
0305029DS,305029,"IGE ESPECIFICA, CASPA DE VACA ","10,360"
0305029AL,305029,"IGE ESPECIFICA, CHOCOLATE ","10,360"
0305029EH,305029,"IGE ESPECIFICA, CIPRES ","10,360"
0305029EK,305029,"IGE ESPECIFICA, CLADOSPORIUM ","10,360"
0305029AM,305029,"IGE ESPECIFICA, CLARA DE HUEVO ","10,360"
0305029EQ,305029,"IGE ESPECIFICA, COIRON (FESTUCA) ","10,360"
0305029ET,305029,"IGE ESPECIFICA, CUCARACHA ","10,360"
0305029AN,305029,"IGE ESPECIFICA, DERMATOFAGOIDES FARINAE ","10,360"
0305029AO,305029,"IGE ESPECIFICA, DERMATOFAGOIDES PTERONISSINUS ","10,360"
0305029AP,305029,"IGE ESPECIFICA, EPITELIO DE PERRO ","10,360"
0305029FX,305029,"IGE ESPECIFICA, FRESNO ","10,360"
0305029GD,305029,"IGE ESPECIFICA, GLUTEN ","10,360"
0305029GJ,305029,"IGE ESPECIFICA, HUEVO COMPLETO ","10,360"
0305029GU,305029,"IGE ESPECIFICA, KIWI ","10,360"
0305029GV,305029,"IGE ESPECIFICA, LANA ","10,360"
0305029GX,305029,"IGE ESPECIFICA, LATEX ","10,360"
0305029AQ,305029,"IGE ESPECIFICA, LECHE COMPLETA=LECHE DE VACA ","10,360"
0305029HE,305029,"IGE ESPECIFICA, LENTEJAS ","10,360"
0305029HM,305029,"IGE ESPECIFICA, LLANTEN (PLANTAGO) ","10,360"
0305029AZ,305029,"IGE ESPECIFICA, MAIZ ","10,360"
0305029AR,305029,"IGE ESPECIFICA, MANÍ ","10,360"
0305029HT,305029,"IGE ESPECIFICA, MANZANA ","10,360"
0305029HV,305029,"IGE ESPECIFICA, MELÓN ","10,360"
0305029IE,305029,"IGE ESPECIFICA, NARANJA ","10,360"
0305029IH,305029,"IGE ESPECIFICA, NOGAL ","10,360"
0305029II,305029,"IGE ESPECIFICA, NUEZ ","10,360"
0305029IJ,305029,"IGE ESPECIFICA, OLIVO ","10,360"
0305029IO,305029,"IGE ESPECIFICA, OVOALBUMINA ","10,360"
0305029IR,305029,"IGE ESPECIFICA, PAICO (QUENOPODIUM) ","10,360"
0305029IS,305029,"IGE ESPECIFICA, PALTA ","10,360"
0305029IX,305029,"IGE ESPECIFICA, PASTO AZUL (POA PRATENSIS) ","10,360"
0305029IZ,305029,"IGE ESPECIFICA, PASTO TIMOTHY ","10,360"
0305029JA,305029,"IGE ESPECIFICA, PASTO TRIGO ","10,360"
0305029AS,305029,"IGE ESPECIFICA, PENICILINA G ","10,360"
0305029AT,305029,"IGE ESPECIFICA, PENICILINA V/ORAL ","10,360"
0305029JL,305029,"IGE ESPECIFICA, PIÑA ","10,360"
0305029JO,305029,"IGE ESPECIFICA, PLATANO ","10,360"
0305029AU,305029,"IGE ESPECIFICA, PLATANO ORIENTAL ","10,360"
0305029JP,305029,"IGE ESPECIFICA, PLUMA DE GANSO ","10,360"
0305029JQ,305029,"IGE ESPECIFICA, PLUMA DE POLLO ","10,360"
0305029AV,305029,"IGE ESPECIFICA, POLVO DE HABITACIÓN ","10,360"
0305029JT,305029,"IGE ESPECIFICA, POROTOS ","10,360"
0305029KH,305029,"IGE ESPECIFICA, SALMÓN ","10,360"
0305029AW,305029,"IGE ESPECIFICA, SOYA ","10,360"
0305029KV,305029,"IGE ESPECIFICA, TOMATE ","10,360"
0305029AX,305029,"IGE ESPECIFICA, TRIGO ","10,360"
0305029AY,305029,"IGE ESPECIFICA, YEMA DE HUEVO ","10,360"
303047,303047,IGF-1 ( Insulin Like Growth Factor )(Somatomedina C) ,"22,730"
0303048A,303048,IGFBP-1 ( Insulin Like Growth Factor Binding Protein 1 ) ,"22,730"
0303048B,303048,IGFBP-3 ( Insulin Like Growth Factor Binding Protein 3 ) ,"22,730"
303123,303123,INDICE ANDROGENICO (IAL) ,"30,610"
0306070B,306070,"INFLUENZA A, ANTIGENO VIRAL (IF) ","9,940"
0306070F,306070,"INFLUENZA B, ANTIGENO VIRAL (IF) ","10,030"
0306082D,306082,INFLUENZA POR PCR ,"25,000"
306770,NO APLICA,INFLUENZA TEST PACK ,"18,960"
0305022D,NO APLICA,"INMUNOFIJACION ORINA (CADENAS LIVIANAS K, L ) ","57,450"
0305025A,305025,INMUNOFIJACION ORINA (CADENAS PESADAS IgA IgG IgM) ,"86,160"
0305022B,NO APLICA,"INMUNOFIJACION SANGRE (CADENAS LIVIANAS K, L ) ","57,450"
305025,305025,INMUNOFIJACION SANGRE (CADENAS PESADAS IgA IgG IgM) ,"86,160"
0305027A,305027,INMUNOGLOBULINA IGA ,"8,580"
305026,305026,INMUNOGLOBULINA IGA SECRETORA ,"8,270"
0305027B,305027,INMUNOGLOBULINA IGG ,"8,580"
0305027C,305027,INMUNOGLOBULINA IGM ,"8,580"
305028,305028,INMUNOGLOBULINAS IGE TOTAL ,"9,790"
0303017A,303017,INSULINA ,"9,790"
0303017B,303017,INSULINA POST CARGA ,"9,790"
0303017C,303017,INSULINA POST PRANDIAL ,"9,790"
0303031D,303031,"INSULINA, CURVA DE 2 MUESTRAS (BASAL Y 2 HORAS) ","24,710"
0303031E,303031,"INSULINA, CURVA DE 3 MUESTRAS ","23,650"
0303031A,303031,"INSULINA, CURVA DE 4 MUESTRAS ","23,650"
0303031B,303031,"INSULINA, CURVA DE 5 MUESTRAS ","23,650"
0303031C,303031,"INSULINA, CURVA DE 6 MUESTRAS ","23,650"
0303031F,303031,"INSULINA, CURVA DE 9 MUESTRAS ","23,650"
0303031G,303031,"INSULINA, CURVA ESPECIAL ","27,030"
306018,306018,"KOCH, BACILO DE, CULTIVO ","8,130"
301573,NO APLICA,KTV ,"3,100"
302519,NO APLICA,LAMOTRIGINA ,"48,730"
308005,308005,LEUCOCITOS FECALES ,"2,100"
0306017A,306017,LEVADURAS CULTIVO ,"4,980"
0305091A,305091,LINFOCITOS T TOTALES (CD3 - OKT3) ,"39,320"
0305091B,305091,"LINFOCITOS T ""HELPER"" (CD4 - OKT4) ","39,320"
0305091C,305091,"LINFOCITOS T ""SUPRESORES"" (CD8 - OKT8) ","39,320"
305089,305089,LINFOCITOS B ( CD 19 ) ,"66,980"
305092,305092,LINFOCITOS NK (CD-56) ,"39,320"
302053,302053,LIPASA ,"4,220"
308046,308046,LIPASA LIQUIDOS ,"5,380"
302055,302055,LITIO (CARBORON) ,"5,410"
302056,302056,MAGNESIO ,"5,410"
301579,NO APLICA,MAGNESIO (ORINA) ,"7,450"
0306070E,306070,METAPNEUMOVIRUS IF ,"9,790"
309013,309013,MICROALBUMINURIA 24 Hrs. (MAU) ,"5,410"
0309013A,309013,MICROALBUMINURIA AISLADA (INC. CREATININURIA) ,"5,740"
306036,306036,"MONONUCLEOSIS, MONOTEST ","4,380"
309503,NO APLICA,MUESTRA EPIDEMIOLOGICA ,"1,350"
0306023A,306023,MYCOPLASMA HOMINIS (CULTIVO) ,"26,910"
0306037A,306037,MYCOPLASMA PNEUMONIAE IgG ,"27,800"
0306037B,306037,MYCOPLASMA PNEUMONIAE IgM ,"27,800"
0306023C,306023,MYCOPLASMA Y UREAPLASMA CULTIVO ,"29,440"
801010,801010,NECROPSIA DE FETO O RECIEN NACIDO ,"101,610"
0302057A,302057,NITROGENO UREICO ,"2,260"
0309020A,309020,NITROGENO UREICO (ORINA) ,"1,510"
0309020B,309020,NITROGENO UREICO LIQUIDO ,"1,510"
0302057B,302057,NITROGENO UREICO POST ,"2,260"
0302057C,302057,NITROGENO UREICO PRE ,"2,260"
0309022B,309022,O. COMPLETA 1er CHORRO ,"3,460"
0309022A,309022,"ORINA COMPLETA, (INCLUYE COD. 03-09-023 ","3,460"
309024,309024,"ORINA, SEDIMENTO ","1,970"
0309024B,309024,"ORINA, SEDIMENTO 1er CHORRO ","1,970"
309023,309023,"ORINA, FISICO-QUIMICO ( ASPECTO, COLOR, ) ","2,100"
302523,NO APLICA,OSMOLARIDAD EN SANGRE ,"9,480"
309026,NO APLICA,OSMOLARIDAD URINARIA ,"9,480"
301541,NO APLICA,OXALATO (ORINA) ,"20,310"
0302035I,NO APLICA,OXCARBAZEPINA ,"50,130"
0305029ZO,305029,PANEL ACAROS ,"10,360"
0305029ZA,305029,PANEL ALIMENTOS COMUNES. ,"10,360"
0305029ZQ,305029,PANEL CHILE (36 ALERGENOS) ,"340,630"
0305029ZM,305029,PANEL DE ANIMALES ,"10,360"
0305029ZI,305029,PANEL DE ARBOLES ,"10,360"
0305029ZH,305029,PANEL DE HONGOS ,"10,360"
0305029ZL,305029,PANEL DE INHALANTES (AMBIENTALES) ,"10,360"
0305029ZK,305029,PANEL DE MALEZAS ,"10,360"
0305029ZJ,305029,PANEL DE PASTOS ,"10,360"
0305029ZR,305029,PANEL DE PLUMAS ,"13,460"
0305029ZB,305029,PANEL PESCADOS Y MARISCOS ,"10,360"
0305029ZP,305029,PANEL POLVO ,"10,360"
303018,303018,PARATHORMONA INTACTA ,"14,740"
306507,NO APLICA,PARVOVIRUS B19 IgG ,"26,360"
306508,NO APLICA,PARVOVIRUS B19 IgM ,"26,360"
306504,NO APLICA,PCR 16 VIRUS RESPIRATORIOS ,"54,080"
306551,NO APLICA,PCR 8 VIRUS RESPIRATORIOS ,"26,150"
306097,306097,PCR CHLAMYDIA TRACHOMATIS / NEISSERIA GONORRHOEAE ,"44,010"
303052,303052,PEPTIDO C ,"46,890"
0303582Q,NO APLICA,PEPTIDO CICLICO CITRULINADO ,"25,060"
302075,302075,PERFIL BIOQUIMICO 12 PARAMETROS ,"15,950"
302034,302034,PERFIL LIPIDICO ,"11,740"
301574,NO APLICA,PET x 2 ,"1,910"
301575,NO APLICA,PET x 3 ,"3,100"
301576,NO APLICA,PET x 4 ,"6,820"
308006,308006,PH DEPOSICIONES ,"1,190"
0308017B,308017,PH URINARIO ,"1,190"
301546,NO APLICA,PHADIATOP ADULTO (INHALANTE) ,"27,090"
301547,NO APLICA,PHADIATOP PEDIATRICO (INHALANTE - ALIMENTOS) ,"27,090"
302084,302084,PLOMO (SANGRE) ,"66,790"
302510,NO APLICA,PRE-ALBUMINA ,"45,900"
0302035G,302035,PRIMIDONA ,"10,540"
303019,303019,PROGESTERONA ,"9,790"
0303020A,303020,PROLACTINA ,"9,790"
0303020B,303020,PROLACTINA POOL ,"9,790"
309029,309029,PROTEINA BENCE JONES PRUEBA TERMICA ,"2,100"
305032,NO APLICA,PROTEINA BENCE-JONES ELECTROFORESIS ,"20,090"
305031,305031,PROTEINA C REACTIVA NORMAL/ULTRASENSIBLE ,"11,580"
302537,NO APLICA,PROTEINAS FRACCIONADAS ALBUMINA/GLOBULIN ,"4,220"
301580,NO APLICA,"PROTEINAS ORINA/LCR, ELECTROFORESIS ","33,870"
308018,308018,PROTEINAS TOT. O ALBUMINA ( LIQUIDO) ,"2,720"
0302060B,302060,PROTEINAS TOTALES ,"2,720"
302061,302061,"PROTEINAS, ELECTROFORESIS ","11,440"
309028,309028,PROTEINURIA ,"3,150"
0301059T,301059,PROTROMBINA (TACO) ,"2,720"
301059,301059,PROTROMBINA TIEMPO DE ,"2,720"
302076,302076,"PRUEBAS/PERFIL HEPATICAS, ESTUDIO DE ","20,020"
0305070E,305070,PSA LIBRE ,"17,470"
0308014B,308014,QUIMICO LIQUIDO CEFALORRAQUIDEO ,"4,220"
0308014A,308014,QUIMICO LIQUIDOS ,"4,220"
301062,301062,RECUENTO DE BASOFILOS (ABSOLUTO) ,"1,790"
301063,301063,RECUENTO DE EOSINOFILOS (ABSOLUTO) ,"1,790"
301064,301064,RECUENTO DE ERITROCITOS ,"1,190"
301065,301065,RECUENTO DE LEUCOCITOS (ABSOLUTO) ,"1,190"
301066,301066,RECUENTO DE LINFOCITOS (ABSOLUTO) ,"2,100"
301067,301067,RECUENTO DE PLAQUETAS (ABSOLUTO) ,"2,100"
301068,301068,RECUENTO DE RETICULOCITOS(ABS O PORC) ,"1,790"
301069,301069,RECUENTO DIFERENCIAL O FORMULA LEUCO ,"3,320"
303021,303021,RENINA (ACTIVA) ,"12,940"
306170,306170,"ROTAVIRUS, ANTIGENO VIRAL LATEX ","9,790"
0306069J,306069,RUBEOLA IGG ,"13,560"
0306069K,306069,RUBEOLA IGM ,"13,560"
301072,301072,"SANGRIA, TIEMPO DE (IVY ) (NO INCLUYE DISPOSITIVO) ","2,720"
0306069L,306069,SARAMPION IgG ,"13,560"
0306082H,306082,SARS CoV-2 ,"25,000"
0306069T,306069,SARS CoV-2 IgG ,"13,560"
0306069U,306069,SARS CoV-2 IgM ,"13,560"
0308044B,308044,SECRECION URETRAL ,"15,200"
303046,303046,SEX HORMON BINDING GLOBULIN ,"22,730"
306573,NO APLICA,STREPTOCOCCUS GRUPO B POR PCR ,"25,160"
306090,306090,STREPTOCOCO TEST PACK ,"10,080"
301556,NO APLICA,"SUBCLASES IGG 1,2,3,4 ","118,770"
303503,NO APLICA,T3 LIBRE ,"10,840"
0302035H,302035,TEOFILINA ,"10,540"
301581,NO APLICA,TEST DE HOMA ,"6,100"
301558,NO APLICA,TEST DE TZANK ,"9,490"
308501,NO APLICA,TEST INMUNOLOGICO DETECCION HEMOGLOBINA HUMANA ,"5,420"
0303022A,303022,TESTOSTERONA ,"9,790"
0303022B,303022,TESTOSTERONA POOL ,"9,790"
303504,NO APLICA,TESTOSTERONA BIODISPONIBLE ,"37,270"
303023,303023,TESTOSTERONA LIBRE ,"11,890"
306005,306005,TINCION DE GRAM ,"1,190"
305060,305060,TIPIFICACION HLA B-27 ,"67,500"
303024,303024,TIROESTIMULANTE HORMONA (TSH) ,"8,580"
303025,303025,TIROGLOBULINA ,"12,940"
0303025P,303025,TIROGLOBULINA POR PUNCION ,"12,940"
303026,303026,TIROXINA LIBRE (T4L) ,"9,790"
303027,303027,TIROXINA O TETRAYODOTIRONINA (T4) ,"8,580"
0306061E,306061,TOXOCARA IgG ,"9,940"
0306061F,306061,TOXOPLASMA IgG ,"9,940"
0306061G,306061,TOXOPLASMA IgM ,"9,940"
303501,NO APLICA,TRAB ,"16,270"
0302063A,302063,TRANSA. SGOT (OXALACETICA) ,"3,610"
0302063B,302063,TRANSA. SGPT (PIRUVICA) ,"3,610"
301082,301082,TRANSFERRINA ,"9,630"
302064,302064,TRIGLICERIDOS ,"3,150"
0306061H,306061,TRIQUINOSIS IgG ,"9,940"
303028,303028,TRIYODOTIRONINA (T3) ,"8,580"
301085,301085,TROMBOPLASTINA TIEMPO DE (TTPA O TTPK) CEFALINA ,"4,220"
302027,302027,TROPONINA ,"18,510"
301565,NO APLICA,UREA DEPURACION DE ,"7,450"
0306023B,306023,UREAPLASMA CULTIVO ,"26,910"
0302057D,302057,UREMIA ,"2,260"
0302057F,302057,UREMIA POST ,"2,380"
0302057E,302057,UREMIA PRE ,"2,380"
306011,306011,"UROCULTIVO, RCTO. Y ANTIB ( NO INCLUYE RECOLECTOR) ","6,920"
0306069N,306069,VARICELA ZOSTER IGG ,"13,560"
0306069Q,306069,VARICELA ZOSTER IGM ,"31,640"
306042,306042,VDRL ,"6,160"
306038,306038,VDRL / RPR (NO TREPONEMICOS) ,"4,980"
301086,301086,VELOCIDAD DE SEDIMENTACION (VHS) ,"1,070"
0306014A,306014,VIBRIO COLERA ,"8,130"
306270,306270,VIRUS RESP. SINCICIAL ( IFI ) ,"10,080"
302077,302077,VITAMINA B 12 ,"21,200"
306527,NO APLICA,VRS TEST PACK ,"12,200"
0306014B,306014,YERSINIA CULTIVO ,"8,130"
301589,NO APLICA,ZINC (ORINA) ,"21,020"
301569,NO APLICA,ZINC (SANGRE) ,"21,690"
302046,302046,GASES ARTERIALES ,"6,560"
0302046A,302046,GASES VENOSOS ,"7,200"
0308044A,308044,"FLUJO VAGINAL, ESTUDIO DE ","15,200"
306509,NO APLICA,PANEL DE VIRUS RESPIRATORIOS ,"81,110"
0306070C,306070,"PARAINFLUENZA 1, ANTIGENO VIRAL (IF) ","9,940"
0306070G,306070,"PARAINFLUENZA 2 , ANTIGENO VIRAL (IF) ","10,030"
0306070H,306070,"PARAINFLUENZA 3, ANTIGENO VIRAL (IF) ","10,030"
0305029AH,305029,"IGE ESPECIFICA, BETA LACTOGLOBULINA ","10,360"
302004,302004,ACIDO LACTICO (LACTATO) ,"6,920"
301007,301007,"ANTICOAGULANTE LUPICO, DETERMINACION DE ","8,180"
